id,name,host_id,host_name,neighbourhood_group,neighbourhood,latitude,longitude,room_type,price,minimum_nights,number_of_reviews,last_review,reviews_per_month,calculated_host_listings_count,availability_365,number_of_reviews_ltm,license
2992450,Luxury 2 bedroom apartment,4621559,Kenneth,,THIRD WARD,42.65789,-73.7537,Entire home/apt,70,28,9,2022-08-17,0.07,1,221,0,
3820211,Restored Precinct in Center Sq. w/Parking,19648678,Terra,,SIXTH WARD,42.65222,-73.76724,Entire home/apt,86,2,314,2025-10-22,2.30,5,355,8,
5651579,Large studio apt  by Capital Center & ESP@,29288920,Gregg,,SECOND WARD,42.64615,-73.75966,Entire home/apt,64,2,377,2025-10-30,2.95,2,14,7,
6623339,Center Sq. Loft in Converted Precinct w/ Parking,19648678,Terra,,SIXTH WARD,42.65222,-73.76724,Entire home/apt,85,2,332,2025-06-30,2.62,5,276,4,
9005989,"Studio in The heart of Center SQ, in Albany NY",17766924,Sugey,,SIXTH WARD,42.65559,-73.76506,Entire home/apt,85,1,623,2025-08-03,5.53,1,279,24,
9501054,Spacious suite with full bath by Capital  Center,29288920,Gregg,,SECOND WARD,42.64734,-73.75851,Private room,56,1,437,2025-10-18,3.68,2,243,34,
10768745,Alb hospital area studio bath wifi. (Red),5691268,Elizabeth,,FOURTEENTH WARD,42.66078,-73.80553,Private room,47,1,853,2025-10-28,7.18,2,163,133,
11253948,/Fire Place Bungalow\ 1917 SUNY Eagle 6Beds 2Baths,4259750,Peter,,FIFTEENTH WARD,42.67567,-73.82438,Entire home/apt,191,1,210,2025-10-19,1.83,8,348,43,
11639446,$55twin($30 foreign student)FreeBF Noa/c no smoke,61700428,Abdullah,,ELEVENTH WARD,42.67583,-73.78297,Private room,55,15,231,2024-02-29,2.01,2,365,0,
12799126,Private Room in the Hearth of the Albany,69729286,Musab,,SIXTH WARD,42.65154,-73.76867,Private room,59,5,29,2025-08-09,0.46,2,340,1,
13083497,Pristine Cape Cod on the Creek - 4 Large Bedrooms,1364123,Akhilesh,,FIFTEENTH WARD,42.66972,-73.82753,Entire home/apt,219,2,195,2025-11-03,1.71,1,349,9,
14316232,"Unique Modern Room, Perfect Location Albany",36438637,Chad,,TENTH WARD,42.65726,-73.78219,Private room,45,18,54,2025-05-08,0.48,2,365,3,
14989805,/Miller Colonial\ 1946 SUNY Eagle Hill 5Bed 2Baths,4259750,Peter,,FIFTEENTH WARD,42.673512,-73.819679,Entire home/apt,185,1,123,2025-10-06,1.12,8,355,22,
15580397,Albany Medical/Downtown Albany/Colleges/ ROOM H,89705052,Share,,NINTH WARD,42.65651,-73.77887,Private room,59,2,54,2025-10-30,0.53,2,113,9,
16531782,On a little park in Albany pine hills. (Blue),5691268,Elizabeth,,FOURTEENTH WARD,42.66075,-73.80605,Private room,60,1,537,2025-10-28,8.10,2,354,80,
17238066,"$53($25 foreign student)Twin, noa/cno
Smoke freeBF",61700428,Abdullah,,FIFTH WARD,42.67614,-73.78169,Private room,,15,132,2024-08-01,1.27,2,365,0,
17514620,Cozy Modern Room Perfect Location Albany,36438637,Chad,,TENTH WARD,42.6584,-73.78309,Private room,41,18,56,2024-11-02,0.53,2,244,0,
18341426,/Sauna Ranch 1961\ SUNY Eagle Hill 4Beds 1Bath,4259750,Peter,,FIFTEENTH WARD,42.67637,-73.82395,Entire home/apt,555,1,58,2024-08-13,0.62,8,365,0,
19527043,Charming 1 Bedroom in a Historic Residential Home,15223767,Ed,,NINTH WARD,42.65312,-73.78161,Private room,70,1,89,2025-10-13,1.04,3,257,7,
19822913,The Honey Comb hideout,140060931,McKinley,,FOURTH WARD,42.668842904707454,-73.74151370795786,Entire home/apt,148,2,1,2025-08-04,0.31,1,87,1,
20519885,8 Year SuperHost 5 Bedroom Home In Albany!,67171774,Michael And Flerida,,FOURTEENTH WARD,42.65846,-73.80201,Entire home/apt,290,4,125,2025-10-26,1.28,1,327,20,
20620135,/Red Warhol Ranch\ 1959 SUNY Eagle Hill 4beds1Bath,4259750,Peter,,FIFTEENTH WARD,42.675,-73.82382,Entire home/apt,156,1,92,2025-10-23,0.94,8,360,33,
20633175,"Garden Apartment, on the Park, close to Capital.",65414985,James,,SEVENTH WARD,42.64939,-73.76865,Entire home/apt,112,2,132,2025-10-20,1.42,2,353,1,
20671966,"The Metropolitan,3rd floor suite",98744672,Bela,,NINTH WARD,42.65532,-73.78244,Entire home/apt,92,2,48,2025-05-19,0.48,8,306,4,
21052414,Cozy bedroom with (2) walk-in closets,135717458,Chad,,THIRTEENTH WARD,42.66565,-73.77975,Private room,36,18,47,2025-08-31,0.52,3,341,5,
21392315,The Blair Suite,98744672,Bela,,NINTH WARD,42.65372,-73.78244,Entire home/apt,89,2,137,2025-10-19,1.41,8,295,12,
21449583,/zBig Blue Ranch\ 1962 SUNY Eagle Hill 4Beds 2Bath,4259750,Peter,,FIFTEENTH WARD,42.67547,-73.82402,Entire home/apt,766,4,9,2025-08-05,0.09,8,365,1,
21752534,"NEW LISTING! Modern, completely updated, LOCATION!",152762198,Allen,,TENTH WARD,42.66045,-73.77833,Entire home/apt,68,3,184,2025-10-07,1.90,9,357,12,
21769213,Cozy downstairs bedroom in quiet neighborhood!,135717458,Chad,,ELEVENTH WARD,42.66572,-73.77834,Private room,27,18,34,2025-08-30,0.36,3,324,6,
21769439,Cozy upstairs room with (1) walk-in closet,135717458,Chad,,ELEVENTH WARD,42.66703,-73.77842,Private room,35,20,27,2025-10-27,0.28,3,344,3,
22398196,Elegant Guest Suite in our beautiful Victorian!,98744672,Bela,,NINTH WARD,42.65501,-73.78122,Private room,59,2,130,2025-09-28,1.37,8,349,14,
24606880,The Western Suite,98744672,Bela,,NINTH WARD,42.65431,-73.78178,Private room,59,2,55,2025-10-12,0.64,8,320,9,
25549565,Quiet and Pretty in the Heart of Center Square,9666970,Janet,,SIXTH WARD,42.65345,-73.7645,Entire home/apt,104,1,964,2025-10-19,10.68,1,168,91,
26139592,Garden Apartment in Ctr. Square: Monthly Discounts,6833937,Farah,,SIXTH WARD,42.65403,-73.76325,Entire home/apt,81,2,156,2025-10-25,1.76,1,339,30,
27670660,The Rock & Roll Suite,98744672,Bela,,NINTH WARD,42.6543083190918,-73.78177642822266,Private room,59,2,32,2025-10-27,0.39,8,339,6,
27692601,Albany Cozy home with fireplaces and Sunroom,202580880,Rosanne,,EIGHTH WARD,42.64514,-73.80668,Entire home/apt,250,3,16,2025-08-03,0.19,1,179,2,
28341274,Private room in historic building on the park,54394342,Alice,,SIXTH WARD,42.65821,-73.76917,Private room,115,1,104,2025-10-19,1.20,1,364,16,
28400263,Private Room in Historic Residential Home,15223767,Ed,,NINTH WARD,42.65464,-73.78348,Private room,51,1,272,2025-06-28,3.20,3,233,8,
28722270,‚úçHistoric Loft Suite @ Downtown Albany,44434571,Earl Vanze,,SECOND WARD,42.64535,-73.75365,Entire home/apt,79,1,727,2025-10-29,8.59,11,330,67,
28868857,‚≠êCozy Garden Suite Full Amenities @Downtown Albany,44434571,Earl Vanze,,SECOND WARD,42.64535,-73.75365,Entire home/apt,63,1,661,2025-10-24,7.87,11,347,78,
28929840,"Spacious
private suite and private bath",194113768,Rachel,,FOURTH WARD,42.6737,-73.75313,Private room,71,1,8,2025-10-12,0.09,1,166,1,
29605579,Funky Urban Gem: Prime Central Location - Parking!,19648678,Terra,,SIXTH WARD,42.65235,-73.76714,Entire home/apt,86,2,120,2025-09-29,1.41,5,321,24,
30189794,Seashore Suite At The Inn on South Lake,98744672,Bela,,NINTH WARD,42.6533,-73.78114,Private room,54,2,73,2025-10-01,0.89,8,287,5,
32279028,"Cosy, comfy and quiet for one",172223381,Diana,,EIGHTH WARD,42.64936,-73.80278,Private room,57,1,219,2025-09-28,2.68,2,9,12,
32450400,Moroccan Sands,97330032,Sherrell,,FOURTH WARD,42.6761,-73.73825,Private room,104,3,1,2024-10-28,0.08,1,269,0,
32993402,‚ú®Historic Full Amenities 2BR Apt @Downtown Albany,44434571,Earl Vanze,,SECOND WARD,42.64563,-73.75311,Entire home/apt,102,1,461,2025-11-01,5.71,11,354,33,
33558235,"Historic, Spacious & Fun 2BR Apt @ Downtown Albany",44434571,Earl Vanze,,SECOND WARD,42.64585,-73.75297,Entire home/apt,102,1,488,2025-11-02,6.12,11,342,60,
34330970,Muhammed Ali Lounge & Pool Hall ‚¨¢‚¨°,232967878,Diana,,SECOND WARD,42.64335,-73.7579,Entire home/apt,125,1,327,2025-10-05,4.18,21,22,31,
35793179,Cozy Bedroom in Historic Residential Home,15223767,Ed,,SEVENTH WARD,42.65259,-73.78223,Private room,54,1,214,2025-10-02,2.78,3,237,34,
35914565,Perfect Downtown Base | 1BR + Free Parking,232967878,Diana,,SECOND WARD,42.64506,-73.75727,Entire home/apt,90,2,322,2025-10-13,4.17,21,22,22,
36443605,Sophisticated Retreat: 2BR in heart of Albany,188679144,Elizabeth,,THIRTEENTH WARD,42.66619,-73.79031,Entire home/apt,,2,54,2024-08-14,0.70,10,341,0,
38321579,Comfy and quiet,172223381,Diana,,EIGHTH WARD,42.65085,-73.80239,Private room,58,1,462,2025-10-16,6.16,2,257,94,
39093517,Center Square Safe 2 Bedroom Long  Stay w/ Parking,299638115,Flerida,,SIXTH WARD,42.65507,-73.76138,Entire home/apt,183,2,52,2025-09-14,0.72,4,300,11,
39698576,Spacious Designer 1-Bed Near Albany Med,188679144,Elizabeth,,NINTH WARD,42.65483,-73.78033,Entire home/apt,79,5,24,2025-04-14,0.33,10,365,1,
40491172,"Renovated, private parking,location, washer dryer!",152762198,Allen,,THIRTEENTH WARD,42.66827,-73.79231,Entire home/apt,93,3,138,2025-10-03,1.91,9,338,20,
40828178,Comfortable! One Bedroom A/C Apartment Queen Bed,47491906,Lloyd,,FOURTH WARD,42.67773,-73.73899,Entire home/apt,124,1,173,2025-02-16,2.44,1,345,6,
41319631,Modern Carriage in the Heart of Albany,59864591,Daniel,,SIXTH WARD,42.65115,-73.7668,Entire home/apt,97,30,4,2023-01-06,0.07,1,128,0,
42009788,Center Square Sanctuary: Private 2-Bedroom Gem,188679144,Elizabeth,,SIXTH WARD,42.65315,-73.76202,Entire home/apt,89,7,25,2025-06-07,0.36,10,365,2,
42391372,Central Albany Apartment: Walk to State Capitol!,121680792,Evolve,,SECOND WARD,42.6469,-73.75761,Entire home/apt,205,3,27,2022-10-27,0.41,6,160,0,
42567833,Homey,339085327,Arkady,,NINTH WARD,42.65567,-73.7854,Entire home/apt,160,70,0,,,1,365,0,
42763847,Charming dog friendly home with private yard!,649068,Anthony,,FIRST WARD,42.63876,-73.78535,Entire home/apt,102,1,131,2025-10-19,1.94,1,143,30,
43208391,Cozy Historic 2BD Apt @ Downtown Albany,272907816,Angela,,SECOND WARD,42.64453,-73.75426,Entire home/apt,171,2,126,2025-10-21,2.02,3,38,23,
43459803,Luxury 1 bedroom Apt in the heart of Center Square,299638115,Flerida,,SIXTH WARD,42.65556,-73.76205,Entire home/apt,166,2,23,2025-08-23,0.40,4,357,6,
43736299,*The Blue House* Incredible 3 Bedroom Apartment,349460842,Scott,,TENTH WARD,42.66257,-73.78281,Entire home/apt,181,1,131,2024-10-28,2.01,18,36,0,
43955950,* Quaint home located in residential neighborhood*,232967878,Diana,,EIGHTH WARD,42.64383,-73.78926,Entire home/apt,,2,91,2024-11-30,1.40,21,0,2,
44180048,Historic Queen Studio Across from Washington Park!,355777684,Lloyd,,SIXTH WARD,42.65935,-73.76805,Entire home/apt,110,1,385,2025-10-12,5.95,3,342,29,
44265426,Parkside Queen 1 Bedroom (1800's) Brownstone!,355777684,Lloyd,,SIXTH WARD,42.66006,-73.76966,Entire home/apt,117,1,312,2025-11-02,4.86,3,360,18,
44450012,Spacious upscale luxury apartment with huge yard,353498132,Michael,,EIGHTH WARD,42.64808,-73.7996,Entire home/apt,145,13,27,2025-09-12,0.43,6,364,2,
45024912,Private Apt Queen 1 Bed Sanctuary with many Extras,362851072,Elsa,,FOURTEENTH WARD,42.66132,-73.7956,Entire home/apt,134,1,129,2025-01-12,2.04,1,342,1,
45074220,Secluded Studio Loft 3fl@ Historic Downtown Albany,272907816,Angela,,SECOND WARD,42.64454,-73.75369,Entire home/apt,105,1,49,2025-09-17,0.97,3,46,16,
45313545,Adorable & Trendy 1 Bd Apt Minutes to Albany Med!,165293595,Kori,,NINTH WARD,42.6545,-73.78223,Entire home/apt,79,2,166,2025-09-28,2.70,1,243,34,
45528939,UNIQUE Gem in HEART of Albany ‚òÖ Spiral Staircase,47625981,Linda,,SECOND WARD,42.64801,-73.75668,Entire home/apt,108,1,100,2025-07-07,1.72,17,48,3,
45529316,WOW ‚òÖ Bright Apt ‚òÖ PRIME downtown Walk Everywhere,47625981,Linda,,SECOND WARD,42.64821,-73.75793,Entire home/apt,108,1,129,2025-09-10,2.22,17,348,16,
45529447,‚òÖ 2 BEDROOM / 1 BATH TRENDY Apt ‚òÖ Downtown Albany,47625981,Linda,,SECOND WARD,42.64713,-73.75628,Entire home/apt,118,1,150,2025-10-20,2.59,17,54,11,
46894493,Our Antique Bungalow,69789449,Dan,,NINTH WARD,42.65311,-73.78525,Entire home/apt,152,1,268,2025-10-04,4.63,1,332,30,
47334913,"Newly renovated,Amazing Location,private parking",152762198,Allen,,THIRTEENTH WARD,42.66646,-73.79184,Entire home/apt,90,3,109,2025-10-23,1.88,9,233,27,
47345872,Bright large 1 bdr loft in Center Sq -free parking,19648678,Terra,,SIXTH WARD,42.65345,-73.76663,Entire home/apt,86,1,76,2025-10-26,1.31,5,339,19,
47408047,"Quiet cozy apartment, private laundry, great spot!",152762198,Allen,,FOURTEENTH WARD,42.67156,-73.80883,Entire home/apt,79,3,75,2025-09-11,1.31,9,357,16,
47440071,The Loft Suite @ The Historic Jesse Buel House,382970529,Thomas,,THIRTEENTH WARD,42.6692,-73.79849,Private room,101,1,195,2025-10-31,3.33,17,84,48,
47828453,Center Square Albany 2BR Apt w/Parking near all,299638115,Flerida,,THIRD WARD,42.656,-73.76123,Entire home/apt,113,2,26,2025-08-22,0.45,4,192,7,
47902629,"Renovated 2br/2ba, close to Alb Med & St. Petes.",21886921,David,,THIRTEENTH WARD,42.66744,-73.79216,Entire home/apt,160,14,11,2025-08-31,0.20,2,346,4,
47943571,Downtown Albany 1 Bed + Workstation @ Maiden Lane,385664127,Dillon,,THIRD WARD,42.65118,-73.75274,Entire home/apt,115,2,174,2025-10-10,3.02,2,238,18,
48052353,*The Rustic Home* 3 Bedroom Second Floor Apartment,349460842,Scott,,TENTH WARD,42.66261,-73.78332,Entire home/apt,192,1,173,2025-10-03,3.00,18,181,21,
48124042,Downtown Albany 2 Bedroom + Workstation @ The Mark,385664127,Dillon,,THIRD WARD,42.64982,-73.7509,Entire home/apt,119,1,236,2025-10-12,4.56,2,185,36,
48172884,The Down Under Suite,98744672,Bela,,NINTH WARD,42.65399,-73.78126,Private room,45,2,86,2025-10-13,1.51,8,317,16,
48470454,"/ New Giant Victorian \ 7beds 6 baths + 2x 85"" TVs",4259750,Peter,,THIRTEENTH WARD,42.66526412963867,-73.78692626953125,Entire home/apt,310,1,49,2025-10-17,1.22,8,342,9,
48599533,Capital View I,392074908,Jerry,,SIXTH WARD,42.65429,-73.75986,Entire home/apt,117,2,106,2025-08-24,2.05,3,174,6,
50088935,Quiet 2-bedroom condo in the heart of Albany,172658781,Jessica,,THIRTEENTH WARD,42.66972,-73.79544,Entire home/apt,97,30,4,2022-11-30,0.08,3,204,0,
50171851,Beautiful Center Square Garden-Level Unit,48490017,Todd,,SIXTH WARD,42.65157,-73.76546,Entire home/apt,84,2,205,2025-10-22,3.98,1,154,35,
50207226,‚òÖ RARE 1BR Apt with Character GREAT Location! W/D‚òÖ,47625981,Linda,,FOURTH WARD,42.65888,-73.74673,Entire home/apt,104,1,97,2025-10-19,1.80,17,54,16,
50211226,Cozy Studio By Washington Park | Walkable!,105597161,Katelyn,,ELEVENTH WARD,42.66034,-73.77163,Entire home/apt,104,2,194,2025-08-17,4.13,1,320,21,
50354540,Heart of Center Square: Designer 2-Bed Retreat,188679144,Elizabeth,,SIXTH WARD,42.65333,-73.76402,Entire home/apt,99,3,20,2025-10-05,0.37,10,365,6,
50890336,"‚òÖCHIC, Renovated Brownstone‚òÖ in PRIME DT Albany",47625981,Linda,,FOURTH WARD,42.65901,-73.74748,Entire home/apt,136,1,46,2025-09-09,0.88,17,55,1,
51230498,"Chic-romantic, center-city, hotel-style apartment.",414738935,Sonya,,THIRD WARD,42.66064,-73.76074,Entire home/apt,74,1,276,2025-10-20,5.28,1,154,41,
51461480,üçÉChic & Cozy Near Washington Park Garden Suite,416799784,Rosie,,TENTH WARD,42.65969,-73.77564,Entire home/apt,132,7,30,2025-06-26,0.61,1,171,7,
51503537,Walk to Everything Downtown Albany! Luxury Apt!,394420519,Christopher,,THIRD WARD,42.65061,-73.75006,Entire home/apt,100,4,10,2025-06-24,0.20,1,253,1,
51579900,‚òÖMODERN 1BR GREAT Location Downtown! W/D Parking!‚òÖ,47625981,Linda,,FOURTH WARD,42.65856,-73.74866,Entire home/apt,100,1,85,2025-09-05,1.65,17,50,11,
51592836,Lovely 1 Bedroom Unit In Historic Brownstone!,60293220,David,,THIRD WARD,42.65844,-73.74978,Entire home/apt,90,2,96,2025-10-12,1.93,3,364,9,
52152157,"Modern space, everything you could want!",152762198,Allen,,FIRST WARD,42.63066,-73.77357,Entire home/apt,97,3,82,2025-10-18,1.64,9,173,18,
52241973,Garden Apartment in Historic Center Square Home,35465673,Jason,,SIXTH WARD,42.65641,-73.76413,Entire home/apt,80,1,359,2025-11-02,7.26,1,68,73,
52360097,Empire Plaza View II,392074908,Jerry,,SIXTH WARD,42.65386,-73.75958,Entire home/apt,94,2,78,2025-10-12,1.56,3,359,2,
52611613,* Adorable home w/parking near great restaurants *,232967878,Diana,,NINTH WARD,42.65674,-73.79221,Entire home/apt,186,2,147,2025-10-13,2.97,21,243,24,
52619545,Artful 2BR Escape | Walkable + Parking,232967878,Diana,,THIRTEENTH WARD,42.67102,-73.79454,Entire home/apt,107,2,105,2025-10-20,2.11,21,24,23,
52691284,+ Perfect place to make memories with loved ones +,232967878,Diana,,TENTH WARD,42.66236,-73.79245,Entire home/apt,564,2,101,2025-10-12,2.04,21,260,22,
52836323,2 bed w/parking uptown near university & hospital,232967878,Diana,,THIRTEENTH WARD,42.67242,-73.79292,Entire home/apt,124,2,88,2025-10-03,1.87,21,55,4,
52837196,‚òÖMODERN 1BR Apt w/ PRIVATE deck! W/D‚òÖ,47625981,Linda,,FOURTH WARD,42.65812,-73.74837,Entire home/apt,104,1,88,2025-10-20,1.79,17,364,20,
52863776,Washington Parkside 1 Bedroom In 1800s Brownstone!,355777684,Lloyd,,SIXTH WARD,42.65826,-73.76944,Entire home/apt,119,1,242,2025-11-02,4.93,3,346,57,
53312101,City Stay Near The Egg | 1BR + Parking,232967878,Diana,,SECOND WARD,42.64369,-73.7581,Entire home/apt,94,2,70,2025-10-12,1.45,21,0,16,
53483727,Spacious Urban APT w/4BR & Office in Albany,433096110,Brian,,FOURTEENTH WARD,42.65824,-73.80114,Entire home/apt,262,1,172,2025-09-25,3.67,3,191,28,
53567589,Private Garden Apt in Downtown Albany|Pets Allowed,433096110,Brian,,SIXTH WARD,42.65204,-73.76655,Entire home/apt,99,1,292,2025-10-26,6.14,3,359,62,
53645427,‚òÖ BEAUTIFUL  2 BED 2 BATH  w/ SOAKER TUB + W/D‚òÖ,47625981,Linda,,FOURTH WARD,42.65913,-73.74722,Entire home/apt,136,1,134,2025-10-17,2.82,17,46,28,
53860077,/ Sauna Garden Getaway\ 1943 SUNY Eagle Hill,4259750,Peter,,FIFTEENTH WARD,42.674675,-73.822861,Entire home/apt,176,1,51,2025-10-22,1.15,8,350,23,
53971505,Charming 1 Bdrm Garden Apt in Historic Brownstone,60293220,David,,FOURTH WARD,42.65873,-73.7494,Entire home/apt,,13,3,2022-12-31,0.07,3,364,0,
54097694,B Unieke,438504176,Roland,,SECOND WARD,42.64683,-73.75662,Entire home/apt,,1,0,,,1,0,0,
54126420,Beautiful 1 bedroom in a quiet residential area.,37769478,Erion,,TENTH WARD,42.66261,-73.79026,Entire home/apt,101,1,118,2025-09-26,2.84,15,309,27,
54126421,Beautiful 2 BDR Apartment in the heart of Albany,37769478,Erion,,SIXTH WARD,42.65422,-73.76996,Entire home/apt,117,1,80,2025-11-02,1.82,15,223,16,
54126427,Beautiful 1 bedroom In the heart of Albany,37769478,Erion,,SIXTH WARD,42.65403,-73.77056,Entire home/apt,107,1,164,2025-11-02,3.51,15,356,55,
54128829,Modern & Cozy Cntr Square Townhouse Gem from 1854,265709295,Priscela Lizette,,SIXTH WARD,42.65594,-73.76591,Entire home/apt,137,1,264,2025-10-19,5.84,2,313,39,
54150131,Charming 170-Year-Old Home in the Heart of Albany,432936385,Jared,,SIXTH WARD,42.65143,-73.76497,Entire home/apt,184,1,250,2025-10-26,5.64,1,98,69,
54369238,"Cozy townhouse, close to hospital, free parking!",152762198,Allen,,NINTH WARD,42.65578,-73.78641,Entire home/apt,98,3,73,2025-10-17,1.92,9,265,31,
54369240,Lovely 1 bedroom rental close to Alb Med!,152762198,Allen,,TENTH WARD,42.65905,-73.77964,Entire home/apt,100,3,63,2025-11-03,1.50,9,365,16,
559249822516788574,Cozy 1 bedroom with office and luxurious King size,433884293,Uniah,,NINTH WARD,42.66062,-73.79112,Entire home/apt,68,6,2,2023-06-26,0.05,1,363,0,
588298411730694861,Modern one bedroom with free off street parking,353498132,Michael,,SECOND WARD,42.64441,-73.75647,Entire home/apt,118,13,15,2025-08-08,0.36,6,349,3,
593272120497643087,Jesse's Suite @ The Historic Jesse Buel House,382970529,Thomas,,THIRTEENTH WARD,42.66911,-73.79869,Private room,114,1,141,2025-10-13,3.46,17,87,26,
617242073954595468,Iconic City Center Apt in Downtown | Pets Allowed,433096110,Brian,,SIXTH WARD,42.65353,-73.7679,Entire home/apt,99,1,215,2025-11-05,5.04,3,356,67,
619695112394148331,Modern luxury one bedroom with off street parking,353498132,Michael,,SECOND WARD,42.64489,-73.75731,Entire home/apt,174,13,10,2024-08-01,0.25,6,317,0,
621960198566758900,The Historic Jesse Buel Farmhouse,382970529,Thomas,,FOURTEENTH WARD,42.66762,-73.79919,Entire home/apt,1078,1,18,2025-09-25,0.45,17,342,5,
628163387057233327,‚òÖSPACIOUS 1BR Apt w/ Character 10ft Ceilings W/D!‚òÖ,47625981,Linda,,SECOND WARD,42.64528,-73.75861,Entire home/apt,,1,64,2025-10-12,1.54,17,0,12,
628824127129967353,Clean lines and accessible Convenient Location!,7164949,Jordan,,THIRD WARD,42.66169974831227,-73.76466827605744,Private room,62,3,0,,,1,88,0,
631035244220396236,‚òÖPRIVATE 1 BDRM Newly Renovated Apt W/D Patio‚òÖ,47625981,Linda,,SECOND WARD,42.64558,-73.75928,Entire home/apt,99,1,59,2025-10-19,1.41,17,357,5,
634108143238179968,Perfect for Families and Traveling Professionals,119340359,Lori,,SIXTH WARD,42.65323,-73.76797,Entire home/apt,,30,103,2025-07-30,2.47,2,0,2,
638900897313146306,ü™¥ Historic & Homey 1 Bdrm Apt @ Downtown Albany,335923036,Mohammed,,SECOND WARD,42.645351,-73.753647,Entire home/apt,,1,10,2023-08-26,0.24,1,364,0,
649973892551492641,Modern luxury studio with free off street parking,353498132,Michael,,SECOND WARD,42.64625,-73.75663,Entire home/apt,92,14,8,2024-11-26,0.20,6,235,1,
658638185191740358,CHEERFULL 3 BEDROOM HOME WITH FREE PARKING.,466389096,Patrice,,FIRST WARD,42.6374547,-73.7716647,Entire home/apt,140,7,5,2023-09-22,0.12,2,349,0,
662132809952482192,Beautiful 4 bedroom house Large eat in kitchen,466389096,Patrice,,FIRST WARD,42.6378819,-73.7715269,Entire home/apt,126,14,2,2024-08-12,0.05,2,340,0,
667644674529935702,Pied-a-terre albany,439560254,Sean,,SIXTH WARD,42.65541380925019,-73.76367520540953,Entire home/apt,111,2,118,2025-11-02,2.96,1,170,27,
668608096674070882,The Rose Room @ The Historic Jesse Buel House,382970529,Thomas,,FOURTEENTH WARD,42.66758,-73.7992,Private room,61,1,153,2025-10-31,3.79,17,87,31,
668608486588067880,The Silk and Sun Room @ Historic Jesse Buel House,382970529,Thomas,,FOURTEENTH WARD,42.66764,-73.79908,Private room,60,1,133,2025-11-02,3.30,17,79,34,
677623197606854496,**New Listing! Modern 2 bdrm Apt in Mansion Area!,203631769,Johnny,,SECOND WARD,42.64531,-73.75963,Entire home/apt,,2,28,2023-09-29,0.71,1,0,0,
681952268271889535,Albany-2 bedrooms apt (1st fl) A&A-Sisters Rental,461579260,Md,,SECOND WARD,42.646896,-73.757612,Entire home/apt,141,1,3,2024-03-31,0.09,2,310,0,
687496906843024117,Albany-3 bedrooms apt (2nd fl) A&A-Sisters Rental,461579260,Md,,SECOND WARD,42.64621,-73.75723,Entire home/apt,157,1,4,2023-05-28,0.11,2,129,0,
689719338468663432,"Elegant, spacious studio apt in historic mansion",1717342,David,,SIXTH WARD,42.654057650371506,-73.76071299629517,Entire home/apt,80,1,302,2025-11-05,7.70,2,346,83,
692807914756117019,Relax in Style by Washington Park - Free Parking,67337944,Rabia,,ELEVENTH WARD,42.6623,-73.777,Entire home/apt,104,31,104,2025-02-23,2.99,1,129,1,
699073700185633508,"Governor's mansion, MVP arena,historical 2bed2bath",476189412,Timothy,,SECOND WARD,42.6468502,-73.7587258,Entire home/apt,216,30,9,2025-08-04,0.24,3,269,4,
703551649845095095,Cozy Albany Home,3650672,Zuhair,,THIRTEENTH WARD,42.67075,-73.79704,Entire home/apt,156,3,5,2025-07-05,0.32,1,56,2,
704544922160063127,Cozy 1 Bedroom Apt in  desirable Albany locale,58406953,Nicholas,,THIRTEENTH WARD,42.67485,-73.79867,Entire home/apt,92,2,5,2025-10-26,0.13,1,156,3,
705660262559003663,Luxurious one bedroom with off-street parking,353498132,Michael,,SECOND WARD,42.64577,-73.7583,Entire home/apt,109,13,10,2025-09-28,0.29,6,270,5,
717373135846408345,Charming Central Escape | 2BR + Parking,232967878,Diana,,THIRTEENTH WARD,42.67261,-73.79262,Entire home/apt,120,2,70,2025-09-14,1.90,21,22,16,
723956857052424266,"Modern home, King Bed 4 bed 2bath, Crib, parking",10279606,Noriyuki,,NINTH WARD,42.65691,-73.78389,Entire home/apt,233,1,267,2025-10-29,7.37,4,28,73,
724566770267420045,Cozy Greenwood Flat (1 BDR Apartment in Albany),360287870,Mela,,SIXTH WARD,42.6513719,-73.7673156,Entire home/apt,102,2,78,2025-10-17,2.94,1,74,27,
733964865705013296,Historic 1 bed/ 1 bath,502037254,Andrew,,SIXTH WARD,42.65035,-73.76549,Entire home/apt,68,14,1,2023-03-26,0.03,3,365,0,
735879623743921266,Modern & Homey 1BD/1BA Fl 1 Apt @ Downtown Albany,44434571,Earl Vanze,,THIRD WARD,42.64564,-73.75261,Entire home/apt,84,1,95,2025-10-17,2.58,11,356,34,
737574278276037589,4 bed all on one floor,232967878,Diana,,TENTH WARD,42.66069,-73.78555,Entire home/apt,250,1,46,2025-03-02,1.26,21,1,2,
739722503092755616,Adirondack Suite #1,98744672,Bela,,NINTH WARD,42.6543178,-73.7818222,Private room,45,2,41,2025-10-14,1.11,8,360,9,
743600140734706394,Cozy apartment 2min walk to Albanymed office space,484673863,Michaela,,NINTH WARD,42.65569,-73.77685,Entire home/apt,85,1,21,2025-08-10,0.60,3,347,13,
744430701454304507,"1 Bedroom on Lincoln Park, near Lark and Downtown",65414985,James,,SEVENTH WARD,42.6496,-73.76792,Entire home/apt,78,2,41,2025-10-04,1.31,2,353,18,
751421033442627559,Modern- Cozy Center City 2 Bedroom Apartment Style,486073806,Keneisha,,FIFTH WARD,42.66648,-73.76831,Entire home/apt,102,2,31,2025-08-04,0.94,1,362,5,
756752556396798800,Private Room in the Center of the Albany,69729286,Musab,,SIXTH WARD,42.65259,-73.76732,Private room,47,5,19,2025-07-12,0.55,2,267,4,
757342235277207834,Elegant Studio in Center Square,188679144,Elizabeth,,SIXTH WARD,42.65534,-73.76461,Entire home/apt,93,7,14,2025-03-31,0.39,10,309,2,
757978037279611051,Charming location near universities & hospital,232967878,Diana,,THIRTEENTH WARD,42.67261,-73.79262,Entire home/apt,105,2,59,2025-08-28,1.79,21,21,18,
761141715827746314,"Great place in the heart of Albany, with Parking",37769478,Erion,,SIXTH WARD,42.65405,-73.76953,Entire home/apt,140,1,46,2025-06-15,1.31,15,340,2,
764508866835218670,Rest+Restore Room ‚Ä¢ Short & Extended Stay ‚Ä¢,6203319,Melissa,,TENTH WARD,42.66117,-73.79091,Private room,82,1,38,2025-10-12,1.06,2,89,9,
774701102203414342,Entire cozy unit in Albany,261036923,Hasan,,FOURTEENTH WARD,42.6601,-73.80719,Entire home/apt,71,1,70,2025-10-13,2.02,1,257,18,
784781397995494758,Private bedroom and bathroom w/separate entry,491907850,Donna,,FOURTEENTH WARD,42.66298,-73.81361,Private room,47,1,50,2025-11-02,1.50,1,160,35,
786181179052991690,Center Square Gem: Junior 1 Bedroom,188679144,Elizabeth,,THIRD WARD,42.65653,-73.76223,Entire home/apt,71,30,3,2024-01-27,0.11,10,364,0,
786228331433922432,Glamorous 1BR Retreat in Center Square,188679144,Elizabeth,,SIXTH WARD,42.65322,-73.76249,Entire home/apt,76,3,4,2024-11-09,0.16,10,310,1,
786316043239579100,Elegant newly renovated cozy smart apartment,253824490,Tomar,,FIFTH WARD,42.6591503133547,-73.75431932508945,Entire home/apt,86,2,36,2024-09-09,1.07,1,90,0,
787023821243442039,*The Allen House* Gorgeous Apartment - Sleeps 8,349460842,Scott,,FOURTEENTH WARD,42.6653,-73.7943,Entire home/apt,204,1,130,2025-10-19,3.96,18,336,42,
794723189688979530,Newly Renovated| Washer&Dryer|5G Wifi,20144241,Carla,,FIFTH WARD,42.67283,-73.77367,Entire home/apt,105,3,19,2025-09-01,0.64,1,277,9,
795541666227926706,Mads Mansion -Victorian Mansion on Washington Park,493882819,Terra,,NINTH WARD,42.656329,-73.7752048,Entire home/apt,704,1,7,2025-08-17,0.26,6,122,2,
796231143904004713,Mads Mansion - Room 4,493882819,Terra,,NINTH WARD,42.65582,-73.77541,Private room,119,1,12,2024-12-01,0.43,6,137,2,
797455132224782470,Albany Medical/colleges/Downtown Albany/ Room O,89705052,Share,,TENTH WARD,42.65741,-73.78034,Private room,,2,22,2025-10-08,0.65,2,110,8,
802216634798169031,Mads Mansion - Room 6,493882819,Terra,,SIXTH WARD,42.65751,-73.77409,Private room,151,1,6,2024-10-13,0.22,6,131,0,
803604897479679272,3br/2ba Near Alb Med & St.Petes.,21886921,David,,FOURTEENTH WARD,42.66691,-73.79338,Entire home/apt,140,14,4,2025-06-21,0.14,2,357,2,
803682039097862541,Modern and Cozy Pine Hills Home from Early 1900s,265709295,Priscela Lizette,,THIRTEENTH WARD,42.6702921,-73.7907283,Entire home/apt,138,1,36,2025-10-19,1.82,2,296,29,
803814397190632412,Mads Mansion - Room 5,493882819,Terra,,NINTH WARD,42.656329,-73.775205,Private room,121,1,6,2024-10-11,0.21,6,133,0,
803867986023966300,Mads Mansion - Room 1,493882819,Terra,,NINTH WARD,42.656329,-73.775205,Private room,119,1,10,2025-08-27,0.36,6,132,1,
806767523952124375,& Modern Luxury Cottage in Central ALB,110453341,Alexis,,FIFTH WARD,42.6684126,-73.7684199,Entire home/apt,99,2,47,2025-08-03,1.39,1,97,11,
809524698302742033,Two bedroom apartment near hospitals pet friendly,172658781,Jessica,,NINTH WARD,42.65613971519499,-73.79212237894535,Entire home/apt,85,30,2,2025-10-20,0.32,3,92,2,
813640070361665090,The front room w/ TV and king size bed,116935236,Felicisimo,,THIRTEENTH WARD,42.67144,-73.79033,Private room,57,5,20,2025-09-05,0.72,5,364,8,
816085193659797849,Cozy Apartment across the Park,37769478,Erion,,SIXTH WARD,42.65258,-73.76917,Entire home/apt,95,1,50,2025-10-15,1.49,15,362,20,
821566342267452838,COMFY Room/w Private BATH + TV,177073982,Cristian,,FOURTEENTH WARD,42.66109,-73.80479,Private room,,180,3,2023-11-30,0.09,2,128,0,
823275570359807298,Cozy Home 5 Minute Walk to Albany Medical Center,500360485,Manjano,,SIXTH WARD,42.65184,-73.77074,Entire home/apt,,7,0,,,1,0,0,
826301775871257033,2 br apt 2 min walk to albanymed offstreet parking,484673863,Michaela,,NINTH WARD,42.65613,-73.77469,Entire home/apt,94,1,56,2025-10-11,1.69,3,359,39,
831122937768017113,Boho-Chic Cape Conveniently Located,210596861,Craig,,FIFTEENTH WARD,42.67076,-73.82612,Entire home/apt,276,2,120,2025-10-22,3.70,1,329,40,
841524382518312215,Mellow Cove,462042479,Natasha,,SIXTH WARD,42.66008,-73.76977,Entire home/apt,120,3,6,2024-07-09,0.23,2,364,0,
841524433909352403,Cozy Cove Away From Home,462042479,Natasha,,SIXTH WARD,42.65987,-73.77025,Entire home/apt,,3,12,2023-12-03,0.42,2,364,0,
843481456379840308,Center Square Serenity: 2-Bedroom Elegance,188679144,Elizabeth,,SIXTH WARD,42.65483,-73.76353,Entire home/apt,,14,2,2023-09-04,0.06,10,364,0,
845960193409947556,Modern Cottage-Perfect for Families!,268741708,Antoinette,,FIRST WARD,42.63504,-73.79833,Entire home/apt,292,2,137,2025-10-05,4.29,1,105,47,
846586211673806912,Spacious Home Away from Home!,49372011,Philip,,TWELFTH WARD,42.67336,-73.78619,Entire home/apt,150,3,19,2025-01-24,0.61,1,309,1,
850173470105833039,Stunning Guest Suite in Historic 1874 Row House,120815848,Phat,,SECOND WARD,42.6446,-73.75885,Private room,86,1,202,2025-10-19,6.41,1,345,59,
850653820133738660,"Plum room, private queen near Albany Med, UAlbany",20536619,Emily,,THIRTEENTH WARD,42.67177,-73.79464,Private room,73,5,17,2025-10-11,0.61,13,89,4,
857981934159027424,Updated Historic Brownstone Apt.,60293220,David,,THIRD WARD,42.65817,-73.74935,Entire home/apt,86,2,27,2025-10-13,0.90,3,364,9,
870457209918967324,Quiet Room Near Everything,177073982,Cristian,,FOURTEENTH WARD,42.66128,-73.80548,Private room,56,180,4,2024-03-02,0.16,2,219,0,
881231954286264195,Exposed Brick with Park Views,37769478,Erion,,SIXTH WARD,42.65379,-73.76901,Entire home/apt,98,1,24,2025-11-01,0.78,15,362,12,
882229561343619620,Modern / Downtown Albany 1 BR APT,512736975,Miguelino,,TENTH WARD,42.6599733,-73.7747433,Entire home/apt,65,2,73,2025-11-01,2.42,1,252,16,
887167811237271928,The Comfort II,459472925,Gabriel,,THIRD WARD,42.66246,-73.76576,Private room,39,1,31,2025-10-06,1.05,2,364,7,
887179061681202083,The Comfort,459472925,Gabriel,,THIRD WARD,42.6628771,-73.76534029999999,Private room,49,1,30,2025-06-08,1.00,2,309,3,
888859204851381094,Walk to Downtown Albany: Ten Broeck Triangle Apt!,121680792,Evolve,,THIRD WARD,42.6573,-73.7521,Entire home/apt,122,2,16,2025-05-17,0.53,6,356,3,
898743867240851780,"Airy 5Br-2Ba,Kids Rm, 6TVs,Pvt Fence-yard&Parking!",516414095,Rashawn,,TENTH WARD,42.66087,-73.78655,Entire home/apt,237,2,62,2025-10-05,2.13,1,247,17,
902166216060824525,2 bdrm Modern & Hip Apt w/ Patio,47625981,Linda,,SEVENTH WARD,42.64787,-73.76707,Entire home/apt,140,1,56,2025-08-10,1.92,17,352,10,
902326803627859755,"""The LEO Home"" Private Bedroom 4",349460842,Scott,,TENTH WARD,42.66174,-73.78325,Private room,70,30,0,,,18,340,0,
904392960639597224,/Luxury Modern Western Hideout\,4259750,Peter,,THIRTEENTH WARD,42.6652959,-73.7868778,Entire home/apt,300,1,22,2025-08-04,0.75,8,269,7,
905007131419044966,*The Red House* 4 Bedrooms‚Ä¢Beautifully Renovated,349460842,Scott,,TENTH WARD,42.66217,-73.78299,Entire home/apt,205,1,91,2025-10-26,3.22,18,324,39,
916983723755256572,Luxury apartment near Saint Peter / Albany Med,283643924,Joseph,,FOURTEENTH WARD,42.65872,-73.79555,Entire home/apt,70,28,6,2025-07-31,0.21,1,350,2,
917510613914219375,"R&R | Hospitals, Colleges + Politics",6203319,Melissa,,TENTH WARD,42.66261,-73.79158,Private room,81,1,17,2025-08-03,0.60,2,88,7,
919055506310955442,Room for rent,502751555,Grace,,FIFTH WARD,42.67292,-73.7776,Private room,93,1,0,,,1,364,0,
921076441920995839,Work hard! Play hard!,521669673,Kody,,THIRD WARD,42.6586,-73.75743,Entire home/apt,72,14,3,2024-12-21,0.11,3,268,1,
928948908785846870,Newly Renovated Gem in Melrose - Pet Friendly,441054845,Thaddeus,,THIRTEENTH WARD,42.67066,-73.79571,Entire home/apt,69,1,85,2025-11-02,3.06,2,147,36,
932618854176539492,Monthly Ready: 1BR + Parking Near Med Center,232967878,Diana,,THIRTEENTH WARD,42.67261,-73.79264,Entire home/apt,92,1,52,2025-10-12,1.84,21,24,16,
932642358896439621,Stylish top floor apt w/parking,232967878,Diana,,THIRTEENTH WARD,42.67224,-73.79301,Entire home/apt,107,2,49,2025-10-21,1.75,21,23,15,
934035097653060273,Mads Mansion - Room 7,493882819,Terra,,SIXTH WARD,42.65655,-73.77434,Private room,119,1,9,2025-08-23,0.32,6,132,1,
937837897631191844,Hudson 2 at The Argus Hotel,526358730,Argus,,SIXTH WARD,42.65867,-73.77479,Private room,,1,2,2023-12-31,0.08,12,29,0,
937838302933205871,Hudson 1 at The Argus Hotel,526358730,Argus,,ELEVENTH WARD,42.6606,-73.77284,Private room,,1,8,2025-07-13,0.31,12,108,1,
937917144482762419,Hudson 3 ADA at The Argus Hotel,526358730,Argus,,TENTH WARD,42.65908,-73.77456,Private room,,1,9,2025-08-02,0.33,12,29,3,
937927979762952955,Hudson 4 at The Argus Hotel,526358730,Argus,,TENTH WARD,42.66043,-73.77432,Private room,168,1,3,2025-07-10,0.21,12,29,1,
937935210290408974,Hudson 5 at The Argus Hotel,526358730,Argus,,SIXTH WARD,42.65847,-73.77272,Private room,,1,6,2025-05-03,0.24,12,29,2,
937943638262956751,Whalen 1 Suite at The Argus Hotel,526358730,Argus,,SIXTH WARD,42.65908,-73.77326,Private room,,1,3,2025-08-18,0.13,12,29,1,
937959604296602771,Whalen 2 Deluxe at The Argus Hotel,526358730,Argus,,TENTH WARD,42.66003,-73.7732,Private room,,1,1,2025-08-02,0.31,12,25,1,
937966967490420635,Whalen 3 at The Argus Hotel,526358730,Argus,,SIXTH WARD,42.65857,-73.7744,Private room,,1,0,,,12,27,0,
938260134617291567,Whalen 4 at The Argus Hotel,526358730,Argus,,SIXTH WARD,42.65893,-73.77448,Private room,,1,0,,,12,29,0,
938266199766701429,Knickerbocker 1 The Argus Hotel,526358730,Argus,,TENTH WARD,42.66037,-73.77327,Private room,,1,0,,,12,29,0,
938271786418327576,Knickerbocker 3 The Argus Hotel,526358730,Argus,,SIXTH WARD,42.65868,-73.77333,Private room,,1,0,,,12,29,0,
938280419686165005,Historic Carriage House  in Washington Park,526358730,Argus,,TENTH WARD,42.66036,-73.7729,Entire home/apt,333,1,17,2025-07-06,0.62,12,38,3,
938421117122010799,"The backroom with TV, Queen bed and extra futon",116935236,Felicisimo,,ELEVENTH WARD,42.6708367,-73.7853116,Private room,,5,27,2025-09-15,0.97,5,365,5,
938431811499141903,The little room with TV and twin bed,116935236,Felicisimo,,THIRTEENTH WARD,42.66974,-73.78611,Private room,43,5,40,2025-09-11,1.43,5,364,14,
940012438497375577,Sunny King bed w private luxurious bath & garden,172539578,David Yisrael,,FIFTEENTH WARD,42.68001107488553,-73.81705995884008,Private room,71,3,8,2025-08-24,0.30,2,89,5,
942750363293463100,The spacious room w/ tv dresser/desk,116935236,Felicisimo,,ELEVENTH WARD,42.67034,-73.7851,Private room,70,5,20,2025-10-09,0.90,5,364,4,
950211425725610511,"Historic, Spacious Mansion Suite",1717342,David,,SIXTH WARD,42.6541815,-73.76086049999999,Entire home/apt,103,1,206,2025-10-21,7.61,2,315,77,
950613505102507073,Modern and cozy home,529844022,Eraj,,FIRST WARD,42.6376753,-73.76854089999999,Entire home/apt,198,1,2,2025-11-02,2,1,137,2,
958199983873241221,Oasis Garden Apt w/Queen Bed,172539578,David Yisrael,,FIFTEENTH WARD,42.678962799458816,-73.81724461913109,Entire home/apt,116,3,20,2025-10-04,0.84,2,297,2,
963920695464462572,Comfy studio in heart of Albany,189586864,Justin,,SIXTH WARD,42.65241,-73.77002,Entire home/apt,121,1,114,2025-11-02,4.26,1,329,45,
965313684808466476,Historic Brownstone in Downtown Albany,533703131,Abel,,THIRD WARD,42.656658760865334,-73.74939680099487,Entire home/apt,,1,6,2025-05-10,0.85,1,0,6,
966287799980701967,"Modern 2-bed Apt / Hospitals, SUNY, State Office",374765317,Tanjin,,FIFTEENTH WARD,42.67059,-73.81678,Entire home/apt,89,3,26,2025-10-27,1.01,1,171,8,
969886763377526954,Abba House historic Retreat - 1st Floor Queen Bed,382970529,Thomas,,FOURTEENTH WARD,42.66877,-73.79927,Private room,64,1,153,2025-10-29,6.22,17,269,83,
980034348801186320,Chic Madison Parkview,241123402,JShing,,SIXTH WARD,42.65312775001394,-73.76950465142727,Entire home/apt,92,1,33,2025-10-07,1.31,1,311,13,
983306819910081094,The House That Pat Built,114183978,Tyrell,,FIFTH WARD,42.66628,-73.76512,Entire home/apt,124,2,6,2025-09-02,0.24,1,170,2,
989010058281318863,Modern 1BR in a great location,75667477,Ahmad,,THIRD WARD,42.65515515851637,-73.76052582647431,Entire home/apt,82,30,9,2025-08-01,0.35,1,181,4,
990935487146379699,Garden level apartment | Center Sq-great location!,93905065,Grace,,SIXTH WARD,42.652599240074956,-73.761780139996,Entire home/apt,96,1,34,2025-10-15,1.56,1,84,15,
992119832780871644,Two bedroom close to colleges!,152762198,Allen,,FOURTEENTH WARD,42.67098,-73.80695,Entire home/apt,97,3,25,2025-08-25,0.98,9,267,10,
992554549672159765,"Beautiful  5 bedrm , 3.5 bathroom, private parking",476189412,Timothy,,SEVENTH WARD,42.64485687096462,-73.77281881169621,Entire home/apt,245,5,21,2025-08-30,0.99,3,231,15,
993431459821117738,Albany 3 Bedroom Apt. Sleeps 6,309980121,Zhechao Ronald,,SIXTH WARD,42.65623,-73.7641152,Entire home/apt,,14,12,2024-02-29,0.48,1,0,0,
999161887055542119,"Spacious Apartment Downtown Albany, NY",531209536,Amar,,THIRD WARD,42.65762,-73.75116,Entire home/apt,98,1,45,2025-10-18,1.80,2,262,16,
1004978540001566331,Elegant Albany Retreat | Mins to D/T & UAlbany,31318080,Cindy,,EIGHTH WARD,42.6555,-73.81066,Entire home/apt,158,2,72,2025-10-17,3.43,1,245,38,
1005978346817864540,Massive 4BD/3BA 2-Fl Townhouse Apt Downtown Albany,44434571,Earl Vanze,,SECOND WARD,42.64534889999999,-73.75364650000002,Entire home/apt,234,1,85,2025-11-02,3.44,11,348,45,
1007354086435981132,Top floor w/off street parking,232967878,Diana,,TENTH WARD,42.66091,-73.78453,Entire home/apt,228,1,39,2025-06-21,1.59,21,1,7,
1010759793485911351,Abba House Historic Retreat - 3rd Flr Twin Bed,382970529,Thomas,,THIRTEENTH WARD,42.67003,-73.79771,Private room,50,1,71,2025-09-26,2.89,17,268,28,
1010759799610182054,Abba House Historic Retreat - Queen Bed w/ Single,382970529,Thomas,,THIRTEENTH WARD,42.66971,-73.79755,Private room,53,1,99,2025-10-15,4.05,17,265,51,
1010760496997974537,Cozy Room w/ King Bed and Office in Grand Manor,382970529,Thomas,,FOURTEENTH WARD,42.66806608232022,-73.79824947027458,Private room,62,1,12,2025-10-30,0.49,17,237,10,
1012862218478447339,Centrally Located 4 Story Manor,382970529,Thomas,,THIRTEENTH WARD,42.669899245465515,-73.7977031057611,Entire home/apt,960,1,0,,,17,323,0,
1013659440189111738,Abba House Historic Retreat - 2nd Floor Full Bed,382970529,Thomas,,FOURTEENTH WARD,42.66873,-73.7993,Private room,59,1,50,2025-11-01,2.05,17,245,32,
1015385216942267174,Á∫ΩÁ∫¶Â∑ûÈ¶ñÂ∫úÁöÑÊ∏©È¶®Â∞èÂ±ã,182509542,Yan,,NINTH WARD,42.6558992,-73.7965699,Private room,24,1,0,,,1,69,0,
1016050146219474145,Heart of Albany - Downtown Near Everything,42708277,Rodney,,SIXTH WARD,42.65539,-73.76416,Entire home/apt,91,1,52,2025-10-22,2.13,5,53,26,
1018295677909928470,"Cozy Room w/ Walk-In Closet, Hot Tub and Coffee!",382970529,Thomas,,FOURTEENTH WARD,42.66792031298625,-73.79895760671212,Private room,56,1,35,2025-10-26,1.46,17,268,19,
1018299533220989494,Abba House Historic Retreat - 2nd Floor Queen Bed,382970529,Thomas,,THIRTEENTH WARD,42.66996,-73.79816,Private room,58,1,104,2025-10-23,4.29,17,245,38,
1018972187574908115,1 Comfy Bedroom Across the Park,37769478,Erion,,SIXTH WARD,42.6535,-73.77046,Entire home/apt,102,1,67,2025-11-01,2.79,15,357,17,
1020518500251473070,Downtown Studio,233515764,Etem,,SECOND WARD,42.64714,-73.75466,Entire home/apt,66,1,171,2025-11-02,7.31,6,251,76,
1020993107237604444,*Beautiful* Spacious Prime DT 1 Bedroom Apt w GYM,47625981,Linda,,THIRD WARD,42.6586,-73.76421,Entire home/apt,108,1,28,2025-09-21,1.18,17,250,15,
1021011347006185640,*Spacious* Modern 1 Bedroom RARE Apt w GYM,47625981,Linda,,THIRD WARD,42.65971,-73.76382,Entire home/apt,108,1,29,2025-05-11,1.23,17,250,4,
1034722814589239236,"*Huge, bright, private 2Bedroom*",130404008,Michael,,THIRD WARD,42.65711,-73.75133,Entire home/apt,89,14,2,2024-09-01,0.13,1,89,0,
1043565517982254841,2 bed room Apartment,212885959,Osas,,SECOND WARD,42.63976,-73.75705,Entire home/apt,94,1,24,2025-09-28,1.13,1,44,6,
1052381112116173923,Fully Furnished 2BR- 5 min to Albany Med Downtown,52464523,Dashima,,FIRST WARD,42.64081,-73.77463,Entire home/apt,105,30,9,2025-04-18,0.40,1,365,4,
1056469473906808728,"Bonjour, Bienvenue A Chez Pierre",553112010,Lynn,,TWELFTH WARD,42.7149,-73.87649,Private room,102,2,1,2024-10-26,0.08,1,268,0,
1061814091773376272,Massive 5BD/4BA 3-Story Duplex @ Downtown Albany,44434571,Earl Vanze,,SECOND WARD,42.64418,-73.75316,Entire home/apt,321,1,21,2025-10-19,1.01,11,344,9,
1062527013885315764,"Nighthawk room, private twin near AMC, UAlbany",20536619,Emily,,THIRTEENTH WARD,42.67096,-73.79514,Private room,59,5,14,2025-08-04,0.65,13,75,4,
1079742757364810916,Lark St Oasis: Parking & Laundry,119340359,Lori,,SIXTH WARD,42.65531,-73.76449,Entire home/apt,113,2,9,2025-10-30,0.43,2,16,3,
1090781013234004527,Newly renovated cozy apartment !,521669673,Kody,,THIRD WARD,42.65975,-73.76311,Entire home/apt,,14,1,2024-11-24,0.09,3,268,1,
1091422934956081673,2 bed with parking off Madison,232967878,Diana,,TENTH WARD,42.65988,-73.78486,Entire home/apt,116,2,17,2025-05-18,0.86,21,21,2,
1091500387329731524,Triplex oasis w:parking near MVP,232967878,Diana,,SECOND WARD,42.64409,-73.75709,Entire home/apt,89,2,80,2025-10-13,3.88,21,43,43,
1097201673425863720,Cozy 1-Bedroom Apt in Albany (Entire Apartment),360806709,Gloria,,SEVENTH WARD,42.64149,-73.77925,Entire home/apt,,1,56,2025-03-21,3.65,1,0,36,
1097995825442731795,New Center square studio,232967878,Diana,,SIXTH WARD,42.65269,-73.76567,Entire home/apt,93,2,58,2025-10-21,2.86,21,24,28,
1100876731732967826,"Homey, Quiet 2BR W/ Washer Dryer",152762198,Allen,,FOURTEENTH WARD,42.67008,-73.80691,Entire home/apt,95,3,39,2025-10-20,2.04,9,251,19,
1102984130027939637,Lovely 1 bedroom across the Park,37769478,Erion,,SIXTH WARD,42.65289,-73.76834,Entire home/apt,98,1,57,2025-10-30,2.81,15,360,20,
1104977057298366617,Abba House historic Retreat - 2nd Floor Queen,382970529,Thomas,,THIRTEENTH WARD,42.66943,-73.79882,Private room,71,1,56,2025-10-21,2.75,17,268,9,
1105303461851883481,Downtown Brownstone with a View!,14817455,Matt,,THIRD WARD,42.65749,-73.75263,Entire home/apt,140,7,0,,,1,268,0,
1108060100336766656,downtown,539608284,Joyhefsiba,,THIRD WARD,42.66141,-73.76361,Private room,69,30,0,,,1,364,0,
1111221935683053416,Historical Pastures,418250661,Stephanie,,THIRD WARD,42.6564469,-73.7507251,Entire home/apt,115,2,23,2025-10-19,1.16,2,361,16,
1119691401020641385,1BR Garden Apt. with Fire Pit near Washington Park,472965048,Corey,,SIXTH WARD,42.65348,-73.7637,Entire home/apt,75,1,23,2025-11-02,1.19,2,158,16,
1120212616553191970,Garden Apt Suite in Historic 1858 Row House + W/D,472965048,Corey,,SIXTH WARD,42.65194,-73.76526,Entire home/apt,115,1,33,2025-09-15,1.69,2,158,17,
1123231471304541808,"Modern townhouse 2 Bedrooms, King Bed, parking",10279606,Noriyuki,,FIFTEENTH WARD,42.66901,-73.82402,Entire home/apt,113,2,73,2025-10-27,3.85,4,348,45,
1124558577325015506,Charming 1BR Near Capitol-Dwntwn,46312980,Robert,,SECOND WARD,42.646032,-73.760482,Entire home/apt,64,3,5,2025-08-21,0.29,2,238,3,
1124632058968031818,Modern Duplex - Historical Home,46312980,Robert,,SECOND WARD,42.646032,-73.760482,Entire home/apt,115,5,6,2025-10-19,0.32,2,262,2,
1128332989288304495,Downtown Albany Vacation Rental - Chic & Walkable!,121680792,Evolve,,THIRD WARD,42.65783832009679,-73.75382158545102,Entire home/apt,,2,3,2024-07-28,0.17,6,4,0,
1128386510439836615,Welcome home travelers,502037254,Andrew,,SEVENTH WARD,42.64893,-73.76886,Entire home/apt,75,25,2,2024-08-03,0.12,3,124,0,
1131258472427093335,"Close to MVP/Airport/SUNY; 45m-1Hr: Saratoga, LG!",440509865,John,,FIFTEENTH WARD,42.674853495878494,-73.81692445092622,Entire home/apt,153,1,88,2025-11-02,5.80,1,320,71,
1134940445251354534,Calling all travelers,521669673,Kody,,THIRD WARD,42.65909,-73.75691,Entire home/apt,70,14,2,2025-05-15,0.11,3,268,1,
1135812630237897119,Cozy Bedrooms in Albany,522436003,Adriana,,THIRTEENTH WARD,42.6689614,-73.7890379,Private room,36,28,0,,,3,269,0,
1136433500940918827,"""The LEO Home"" Private Bedroom 1",349460842,Scott,,THIRTEENTH WARD,42.66368,-73.78128,Private room,56,20,0,,,18,278,0,
1141525488442370659,North Allen,522436003,Adriana,,THIRTEENTH WARD,42.6689614,-73.7890379,Private room,,28,2,2025-10-10,0.62,3,269,2,
1142828940864329671,Safe Comfy Cozy 2 bedrooms.,574235481,Lavern,,FIRST WARD,42.64094,-73.7767,Entire home/apt,,2,4,2024-07-06,0.22,1,0,0,
1142832011692120213,Bright and Fresh 1Br Apt-Parking-Patio-Guest Fav!,129023424,Riccardo,,THIRTEENTH WARD,42.67105,-73.7995,Entire home/apt,85,7,9,2025-09-01,0.51,1,236,4,
1146241260871564965,Larson Green,233515764,Etem,,SIXTH WARD,42.6524924,-73.7674361,Entire home/apt,79,1,82,2025-10-26,4.47,6,251,53,
1147092019793504034,Larson Blue,233515764,Etem,,SIXTH WARD,42.65274,-73.76779,Entire home/apt,79,1,85,2025-10-20,4.60,6,253,39,
1150611568915810847,Albany historic Washington Park,576083630,Joseph,,SIXTH WARD,42.6586049,-73.76803290000001,Entire home/apt,121,2,16,2025-09-20,0.88,1,269,7,
1158059552251999833,"""The Albany Allen Home"" Private Bedroom 1",349460842,Scott,,TENTH WARD,42.66428,-73.79249,Private room,52,28,2,2024-11-29,0.14,18,269,1,
1158239701426064904,Funky loft studio,502037254,Andrew,,THIRD WARD,42.65845,-73.75926,Entire home/apt,65,30,0,,,3,269,0,
1164651175585600815,*Private Entrance* Cozy Apt Bright + Modern W/D,47625981,Linda,,SEVENTH WARD,42.64727,-73.76758,Entire home/apt,108,1,15,2025-10-12,0.91,17,356,6,
1171795874799450911,Walk to convention center:Lark St:Capital,232967878,Diana,,SIXTH WARD,42.65314,-73.7653,Entire home/apt,128,2,66,2025-10-19,3.83,21,48,47,
1173390858101803102,New near major medical facility,232967878,Diana,,SEVENTH WARD,42.64442,-73.77938,Entire home/apt,213,2,27,2025-10-12,1.70,21,11,19,
1174544643387116469,"Spacious, Modern Gem in Melrose - Pet Friendly",441054845,Thaddeus,,THIRTEENTH WARD,42.66894,-73.79549,Entire home/apt,117,1,56,2025-08-12,3.29,2,323,26,
1182574461437954732,Limited Time Listing,42708277,Rodney,,SIXTH WARD,42.6534205,-73.7639758,Entire home/apt,115,1,33,2025-10-23,1.97,5,55,17,
1183457852972127594,Upscale Listing-Heart of Albany,42708277,Rodney,,SIXTH WARD,42.65227,-73.7646,Entire home/apt,92,1,36,2025-10-05,2.25,5,56,24,
1183460523409924571,Albany Business Class Apartment,42708277,Rodney,,SIXTH WARD,42.6524,-73.76351,Entire home/apt,115,1,32,2025-10-21,1.92,5,51,29,
1185537980724624711,Empire Plaza Apartment,29483818,Ben,,SIXTH WARD,42.65327,-73.76181,Entire home/apt,90,1,192,2025-10-25,11.64,1,118,140,
1185591493744586895,"""The Albany Allen Home"" Private Bedroom 3",349460842,Scott,,FOURTEENTH WARD,42.66612,-73.79275,Private room,65,28,0,,,18,169,0,
1187591175698501325,House near major medical center,232967878,Diana,,NINTH WARD,42.65502,-73.79183,Entire home/apt,,1,29,2025-07-19,1.78,21,0,19,
1189245100874558445,Beautiful 2 Bedroom with Parking,37769478,Erion,,SIXTH WARD,42.65333,-73.7711,Entire home/apt,142,1,35,2025-10-25,2.52,15,321,27,
1189249179392132534,Lovely 1 Bedroom with Parking,37769478,Erion,,TENTH WARD,42.66215,-73.79048,Entire home/apt,97,1,46,2025-10-12,2.86,15,358,32,
1191895319439613036,"Room in Albany, 4 minutes from AMC",32379616,Fabiola,,TENTH WARD,42.6605291,-73.7831549,Private room,38,28,0,,,5,331,0,
1196459023545165129,Albany Vacation Rental w/ State Capitol Views!,121680792,Evolve,,SIXTH WARD,42.655732,-73.764735,Entire home/apt,242,5,0,,,6,355,0,
1198592120169206200,"""The LEO Home"" Private Bedroom 2",349460842,Scott,,TENTH WARD,42.66269,-73.78163,Private room,105,30,0,,,18,364,0,
1201525324551556925,Traveling Medical Professionals,413566290,Victoria,,NINTH WARD,42.65506735928797,-73.79768460988998,Private room,45,2,5,2025-02-04,0.32,1,178,1,
1208695175897245796,"""The Albany Allen Home"" Private Bedroom 5",349460842,Scott,,TENTH WARD,42.6639,-73.7927,Private room,56,28,0,,,18,278,0,
1209313814437527365,"Dali room, private queen near AMC, UAlbany",20536619,Emily,,THIRTEENTH WARD,42.67318,-73.79345,Private room,85,4,4,2025-08-01,0.30,13,88,2,
1210875317904799284,Charming Home,147780154,Julia,,EIGHTH WARD,42.65812,-73.81912,Entire home/apt,199,3,0,,,1,358,0,
1223845635352908531,"493 Washington Ave, Albany 12206, 1st Floor",575030103,Rehan,,ELEVENTH WARD,42.66332540000001,-73.77422550000001,Entire home/apt,108,3,16,2025-10-08,1.23,1,362,13,
1224184445857718550,White Cozy Room,522436003,Adriana,,THIRTEENTH WARD,42.66859,-73.78832,Private room,55,28,3,2025-09-30,0.23,3,341,2,
1227494196390230149,/Audubon Apartment\ 3bed 1bath built1928 Pine Hill,52123673,Joseph,,THIRTEENTH WARD,42.66955,-73.78542,Entire home/apt,107,3,11,2025-08-03,0.78,2,359,7,
1229287611382413342,The Crimson Retreat,562084689,Antonio,,TENTH WARD,42.66095,-73.77813,Entire home/apt,117,1,43,2025-10-18,3.08,3,365,36,
1230257693323535013,King Bed ‚Ä¢ Workspace ‚Ä¢ Laundry | Walk to Downtown,106636448,Daniel,,SIXTH WARD,42.65507161089614,-73.76475094677727,Entire home/apt,115,1,65,2025-10-19,5.86,1,259,65,
1233366548908684664,Larson Gold,233515764,Etem,,SIXTH WARD,42.65173,-73.76786,Entire home/apt,74,1,81,2025-10-26,5.72,6,239,65,
1234376912864523021,Spacious Garden Apt in Center Square,564967431,Stephanie,,SIXTH WARD,42.65046806904435,-73.7643479581064,Entire home/apt,84,2,2,2024-10-28,0.16,3,339,0,
1237963668912797614,Tasteful‚Ä¶in more ways than one!,382970529,Thomas,,SIXTH WARD,42.655070571714035,-73.76151133328676,Entire home/apt,76,1,32,2025-09-18,2.32,17,168,23,
1242227342075722524,Nice room in downtown albany,594734396,Abdelrahman,,SECOND WARD,42.6425,-73.75889,Private room,58,1,40,2025-08-14,2.96,1,355,30,
1246452851774715158,Room close to AMC and St peter,652223872,Umit,,TENTH WARD,42.65941683202992,-73.78360267728567,Private room,50,3,7,2025-10-10,0.54,1,359,5,
1252203595666312568,"""The Albany Allen Home"" Private Bedroom 4",349460842,Scott,,TENTH WARD,42.665179051217486,-73.79260147965597,Private room,101,28,1,2025-10-07,0.94,18,364,1,
1252255960109808438,The Old Lawmaker's Building.,172861174,Vibha,,THIRD WARD,42.6551298,-73.75842949999999,Private room,108,1,11,2025-08-24,0.84,1,358,8,
1252258297385952172,staycation CAP region,38324986,Gregory,,EIGHTH WARD,42.64548739100758,-73.7896032151887,Entire home/apt,190,3,0,,,1,348,0,
1252301211909514289,"""The Albany Allen Home"" Private Bedroom 2",349460842,Scott,,TENTH WARD,42.66555578069533,-73.79269774597833,Private room,52,28,1,2024-11-27,0.09,18,361,1,
1256391301639690602,Apartment with Park views.,37769478,Erion,,SIXTH WARD,42.65422976833157,-73.76982577313373,Entire home/apt,97,1,18,2025-10-25,1.35,15,363,14,
1256498995571429533,"""The LEO Home"" Private Bedroom 3",349460842,Scott,,TENTH WARD,42.66226,-73.78221,Private room,52,30,0,,,18,179,0,
1257666249535314743,The Old Attic Apartment,562084689,Antonio,,TENTH WARD,42.66062,-73.77901,Entire home/apt,86,1,0,,,3,362,0,
1264531987910224088,"*Serene* Parkside 2BR Apt: Private Entrance, W/D",47625981,Linda,,SEVENTH WARD,42.64762856666501,-73.76751684061892,Entire home/apt,162,1,37,2025-10-19,2.84,17,349,33,
1265342374507338537,Stylish studio - downtown Albany,564967431,Stephanie,,SIXTH WARD,42.65004675077063,-73.76402178164355,Entire home/apt,68,2,6,2025-03-01,0.48,3,278,4,
1266676779473584420,Row house on the park,1017349,Chris,,SIXTH WARD,42.65319027333566,-73.76970599961155,Private room,86,1,1,2024-10-26,0.08,1,83,0,
1268205616603776750,Central Location 1 Bed 1 Bath With Parking,270608641,Enkelejda,,SIXTH WARD,42.65137969505171,-73.76947069212083,Entire home/apt,82,1,33,2025-10-11,2.67,2,358,32,
1269145433396830936,King Bed in Spacious Aparment Close to Everything,382970529,Thomas,,THIRTEENTH WARD,42.66916459999999,-73.79776079999999,Private room,59,2,5,2025-05-10,0.40,17,364,3,
1273861365984558378,Short term across from UAlbany,658588120,Melinda,,TWELFTH WARD,42.686850591818136,-73.81405551801146,Entire home/apt,,365,0,,,1,358,0,
1274613024891750632,Two bedroom apartment in the heart of Albany,32379616,Fabiola,,THIRD WARD,42.66487530937626,-73.76730339028755,Entire home/apt,80,28,0,,,5,364,0,
1279781671588026640,Spacious & Quiet Townhouse Near Legislative Center,528617680,Paola,,SECOND WARD,42.6453112779392,-73.75793399720892,Private room,42,1,6,2025-02-19,0.49,1,128,5,
1284151940120079993,Budget Friendly 4-Bedroom with Modern Amenities,653956114,Michael,,TENTH WARD,42.66203830172302,-73.78922093804118,Entire home/apt,167,2,36,2025-08-26,3.72,1,98,36,
1284983740417509877,Cowen Residence Hospitality.,661066080,Conseta,,FOURTH WARD,42.67445142837617,-73.73835701264711,Entire home/apt,92,1,5,2025-10-11,0.51,1,177,5,
1289084606313003203,"1 bedroom apt close to hospitals,3min to Albanymed",484673863,Michaela,,TENTH WARD,42.65701240741075,-73.78116252001512,Entire home/apt,82,1,32,2025-07-30,2.70,3,312,32,
1291321613053647042,The Belvedere,571617730,Zinte,,SECOND WARD,42.6445746,-73.7566836,Entire home/apt,336,1,1,2025-06-22,0.22,1,347,1,
1292881870228693830,‚ÄòThe Blue Home‚Äô Private Bedroom 3 / 1 Full Bath,349460842,Scott,,TENTH WARD,42.66229705990609,-73.78175574496683,Private room,70,30,0,,,18,227,0,
1294330125585979004,Modern Luxury 2 bedroom w/yard,353498132,Michael,,EIGHTH WARD,42.64592834063253,-73.79876141165387,Entire home/apt,132,13,0,,,6,160,0,
1295804289767410494,'The Blue Home' Private Bedroom 1 / 1 Full Bath,349460842,Scott,,THIRTEENTH WARD,42.66345629680885,-73.7818281544101,Private room,70,30,1,2025-09-17,0.58,18,309,1,
1296651761769034648,Room in Albany,663670719,Elhadj,,THIRTEENTH WARD,42.664345438141105,-73.77874573138119,Private room,39,1,11,2025-10-01,1.15,3,251,11,
1296756366433115082,"Room In Albany, NY",663670719,Elhadj,,ELEVENTH WARD,42.66294970341223,-73.7789027115689,Private room,39,1,82,2025-10-25,7.19,3,335,82,
1298067362380112500,Fresh & Modernized 2BR Fl 1 Apt @ Downtown Albany,44434571,Earl Vanze,,SECOND WARD,42.64441207268658,-73.7522667363394,Entire home/apt,111,1,42,2025-10-19,4.05,11,358,42,
1298625208863760034,Mid-century Cozy Retreat W/D,47625981,Linda,,SEVENTH WARD,42.64882383528059,-73.7666466200598,Entire home/apt,135,1,6,2025-08-18,0.54,17,363,6,
1308084493028885153,‚ÄòThe Blue Home‚Äô Private Bedroom 2 / 1 Full Bath,349460842,Scott,,TENTH WARD,42.66299894556866,-73.7825558531992,Private room,56,28,1,2025-08-13,0.34,18,291,1,
1308111521841678866,‚ÄòThe Blue Home‚Äô Private Bedroom 4 / 1 Full Bath,349460842,Scott,,TENTH WARD,42.66239946679698,-73.78271260107455,Private room,56,30,0,,,18,188,0,
1310170283925918533,Private Room In Albany,663670719,Elhadj,,ELEVENTH WARD,42.66375890730826,-73.77674406705056,Private room,44,1,54,2025-11-05,5.05,3,324,54,
1319619558594743733,Prime Location - 1 Bedroom,559146397,Cathleen,,SIXTH WARD,42.65331,-73.76971,Entire home/apt,76,31,0,,,2,215,0,
1319649416178819713,The Sweet spot,252422913,Dennis,,FIFTEENTH WARD,42.67077854215789,-73.82525054567722,Entire home/apt,98,2,4,2025-08-03,0.58,1,158,4,
1325491259534107672,Walk to Washington Park: Remote Work-Ready Apt!,121680792,Evolve,,SIXTH WARD,42.6551361,-73.7737125,Entire home/apt,110,2,4,2025-10-05,0.66,6,364,4,
1328247359330291677,The Whisky House,666182267,Tyler,,SIXTH WARD,42.65015,-73.76337,Entire home/apt,128,2,29,2025-11-02,3.16,1,251,29,
1328401906195927790,Top of The Capital,392074908,Jerry,,SIXTH WARD,42.65262,-73.76134,Entire home/apt,103,2,5,2025-07-31,0.59,3,357,5,
1329355205441244604,Albany Prime Location - 1 Bed,559146397,Cathleen,,SIXTH WARD,42.65344807383542,-73.76942854374647,Entire home/apt,84,31,0,,,2,322,0,
1334238579190312184,Charming & Roomy 3BR/1BA Fl 2 Apt @Downtown Albany,44434571,Earl Vanze,,SECOND WARD,42.6440750005831,-73.75452790055822,Entire home/apt,129,1,31,2025-10-30,4.17,11,205,31,
1344295935213350424,Business Travelers Retreat,42708277,Rodney,,FOURTH WARD,42.675383658286634,-73.75011739653225,Entire home/apt,89,1,11,2025-09-20,1.96,5,54,11,
1346801758960246004,Stylish 1BR | Center Sq. Gem!,299638115,Flerida,,SIXTH WARD,42.6556643,-73.7618859,Entire home/apt,77,1,9,2025-10-26,2.05,4,365,9,
1350831900774924999,Cozy Home in Heart of Albany,677372979,Celia,,TWELFTH WARD,42.68507834404223,-73.79764015056868,Entire home/apt,126,7,3,2025-05-01,0.35,1,356,3,
1350872245042831459,Capital City Escape,10279606,Noriyuki,,FIFTEENTH WARD,42.67003713546928,-73.82302715231661,Entire home/apt,193,1,50,2025-10-30,5.66,4,333,50,
1358581858384454275,Two bedroom apartment in Albany,32379616,Fabiola,,THIRD WARD,42.66526304906058,-73.76716070107956,Entire home/apt,,28,0,,,5,363,0,
1363867065584533091,A piece of mind,650062372,Mataiya,,THIRTEENTH WARD,42.66891,-73.79096,Entire home/apt,200,1,6,2025-07-20,0.95,1,361,6,
1365428503448527322,Downtown Albany Large 2BR | Free Parking,664328482,Oluyinka,,SECOND WARD,42.6436654,-73.7536006,Entire home/apt,94,2,40,2025-10-27,4.80,1,361,40,
1366933239765507591,Vacation Home in Albany,680411288,Stephanie,,EIGHTH WARD,42.64533014600323,-73.789131045637,Entire home/apt,296,2,32,2025-10-26,4.09,1,344,32,
1369127908322228929,Capital Comfort Stay,584109093,Cecilia,,FOURTH WARD,42.66159372265361,-73.75439956511829,Entire home/apt,72,1,41,2025-10-26,5.21,1,355,41,
1369768924474303403,Near Hospitals: Home w/ Yard in Albany!,121680792,Evolve,,FIRST WARD,42.63962651941938,-73.7733080081594,Entire home/apt,175,2,1,2025-10-18,1,6,356,1,
1371626040166892504,Central cozy 4 bedroom w/King bed,20536619,Emily,,TENTH WARD,42.66315402479468,-73.78910123743358,Entire home/apt,239,28,1,2025-08-04,0.31,13,52,1,
1371829070623409671,"Walk to Albany Med, MVP Arena, Washington Park",265861488,Vander,,SIXTH WARD,42.65040602684423,-73.76433185078635,Entire home/apt,83,1,47,2025-11-01,6.53,1,322,47,
1374747174653747946,"PrivateDriveway+WFH-Ready+75""SmartTV+SUNYAlbany2mi",193923901,Liza,,FOURTEENTH WARD,42.66993682830468,-73.80820494973753,Entire home/apt,313,3,14,2025-11-01,3.78,1,343,14,
1375007693720508441,A peaceful home away from home,385963105,Samantha,,FOURTEENTH WARD,42.66598411229728,-73.81880097091198,Entire home/apt,152,7,2,2025-06-30,0.36,1,77,2,
1376989617162173438,Cozy Sunshine,233515764,Etem,,SEVENTH WARD,42.64764408604364,-73.7715925383664,Entire home/apt,68,1,8,2025-09-22,1.08,6,162,8,
1377446918025263146,"Woodlands room, private queen, walk to AMC",20536619,Emily,,TENTH WARD,42.66148231183373,-73.78761856260732,Private room,66,28,2,2025-09-14,0.60,13,55,2,
1377471842094741150,"Crimson private queen room, walk to Albany Med",20536619,Emily,,TENTH WARD,42.66310642184764,-73.78716159656459,Private room,65,28,1,2025-09-25,0.68,13,162,1,
1377480167938312156,"Peony room, private w/ King bed!",20536619,Emily,,TENTH WARD,42.66183099633526,-73.78755056940085,Private room,80,7,1,2025-07-15,0.26,13,162,1,
1379906377578749938,Cozy Sunset,233515764,Etem,,SEVENTH WARD,42.64628669280813,-73.7715308891403,Entire home/apt,85,1,25,2025-09-27,3.25,6,333,25,
1380555997747082021,Albany Central Hotel w/Breakfast Next to Downtown,466790114,Zohar,,ELEVENTH WARD,42.6800233833328,-73.78522330726621,Private room,44,1,15,2025-10-08,2.09,23,364,15,
1381163571420241600,Albany Elegant Home Next Downtown Free Breakfast,466790114,Zohar,,ELEVENTH WARD,42.68231684583981,-73.7836715628194,Entire home/apt,52,1,15,2025-10-31,2.04,23,365,15,
1383513241348424944,Cozy Home 5 STAR AREA W/Parking,654226760,Jahwan,,FOURTEENTH WARD,42.66191,-73.7974412,Entire home/apt,99,1,24,2025-11-02,5.58,1,354,24,
1383910626115273822,"Cranberry room, large private queen near AMC",20536619,Emily,,TENTH WARD,42.66317303594558,-73.78912755444637,Private room,60,5,1,2025-07-31,0.30,13,88,1,
1390171272060324410,New Large Bedroom! Has Parking!,55596850,Alain,,NINTH WARD,42.66002,-73.79333,Private room,43,5,1,2025-05-15,0.17,3,189,1,
1393482542585537728,Cozy Albany Room Next to downtown W/breakfast,466790114,Zohar,,FIFTH WARD,42.67652148547361,-73.78111383843994,Entire home/apt,39,1,5,2025-10-23,0.72,23,365,5,
1393634713342137582,Albany Modern Home with breakfast Next to Downtown,466790114,Zohar,,ELEVENTH WARD,42.67610273877896,-73.78233682651273,Entire home/apt,44,1,13,2025-10-12,2.22,23,353,13,
1393634936904017469,New Bedroom! Includes Laundry!,55596850,Alain,,NINTH WARD,42.659475284293904,-73.79368120012339,Private room,51,14,4,2025-09-29,0.63,3,321,4,
1393638070589049592,Albany Elegant 2 Beds Room with free Breakfast,466790114,Zohar,,FIFTH WARD,42.67651022767566,-73.78215501783329,Entire home/apt,34,1,9,2025-10-23,1.44,23,364,9,
1395671676833912969,The Small Yellow Room with twin bed /tv,116935236,Felicisimo,,THIRTEENTH WARD,42.669917189344,-73.78632927186241,Private room,40,5,2,2025-09-13,0.76,5,322,2,
1396921235971014566,New Bedroom Centrally Located! Parking & Laundry,55596850,Alain,,FOURTEENTH WARD,42.661116057130855,-73.79408139551636,Private room,45,28,3,2025-08-30,0.63,3,64,3,
1402461183704514588,4 bedroom house in Albany,32379616,Fabiola,,TENTH WARD,42.6605291,-73.7831549,Entire home/apt,,28,2,2025-08-10,0.46,5,347,2,
1405327220192978468,Room near SUNY Albany,32379616,Fabiola,,TENTH WARD,42.659903296506094,-73.78257397435888,Private room,51,28,0,,,5,363,0,
1405768102601327206,Historic Studio and Great Eats,382970529,Thomas,,SIXTH WARD,42.655450233068514,-73.76273815121087,Entire home/apt,84,2,11,2025-10-20,2.23,17,128,11,
1409646921435856252,Albany Getaway Near Brewery District,692671333,Paul,,FOURTH WARD,42.67225930444639,-73.7390519905538,Entire home/apt,92,2,3,2025-10-31,1.29,1,89,3,
1414503206938039174,Beautiful 1 bed apartment,477328400,Tyler,,SEVENTH WARD,42.648787315458335,-73.76675859025983,Entire home/apt,114,1,10,2025-11-02,1.88,1,355,10,
1417686058428307591,Charming Historic Apartment,270608641,Enkelejda,,SIXTH WARD,42.65166,-73.76622,Entire home/apt,97,1,0,,,2,301,0,
1429997390383679972,Downtown Albany ‚Ä¢ Hot Tub ‚Ä¢ Game Room ‚Ä¢ eV Charger,71003491,Yasiel,,THIRD WARD,42.65665,-73.74868,Entire home/apt,374,2,10,2025-10-27,2.73,1,316,10,
1430417055174000914,Caf√© Capriccio Suite,418024477,Marlene,,SECOND WARD,42.64619243272902,-73.75658877629596,Entire home/apt,150,1,10,2025-10-19,2.27,1,173,10,
1432823196473666155,"Charming, Spacious Apt Downtown Albany",531209536,Amar,,THIRD WARD,42.6579207870488,-73.75026566418697,Entire home/apt,103,7,0,,,2,269,0,
1434108183586713709,Comfy Albany Suite Next to Downtown with Breakfast,466790114,Zohar,,ELEVENTH WARD,42.682246872011966,-73.78338389658927,Entire home/apt,48,1,11,2025-10-12,2.14,23,365,11,
1434112653259573474,Stylish Albany Room minutes to Downtown.,466790114,Zohar,,ELEVENTH WARD,42.680525565301686,-73.7852461638938,Entire home/apt,40,1,6,2025-10-12,1.51,23,365,6,
1435590570769303352,Cozy apartment in beautiful Downtown Albany,167102397,Nathan,,SIXTH WARD,42.65422697397571,-73.76720390736077,Entire home/apt,77,2,12,2025-10-26,2.63,1,175,12,
1435797229942642808,Global Entry Unit # 1 (2nd Floor Walk-up),130497392,Dale,,SIXTH WARD,42.65759,-73.7652,Entire home/apt,234,7,0,,,2,215,0,
1439472202376740681,Timelessly Restored 2-Bed Fl 2 Apt @DowntownAlbany,44434571,Earl Vanze,,SECOND WARD,42.64439,-73.75296,Entire home/apt,104,1,19,2025-10-12,4.07,11,362,19,
1447202556849361134,/Red Den Apartment\3bed1bath,52123673,Joseph,,THIRTEENTH WARD,42.66951,-73.78736,Entire home/apt,90,2,2,2025-10-20,0.54,2,363,2,
1448501719166920474,Comfy & Convenient 2-Bed Fl 1 Apt @DowntownAlbany,44434571,Earl Vanze,,SECOND WARD,42.64587,-73.75356,Entire home/apt,129,1,3,2025-08-23,0.71,11,349,3,
1450136720901316807,A charming apartment.,675767467,Jeffrey,,SECOND WARD,42.64535,-73.75678,Entire home/apt,59,1,28,2025-10-27,7.92,2,299,28,
1450156329560932974,Spacious convenient to Hospital and capital,675767467,Jeffrey,,SECOND WARD,42.645104811339436,-73.75712113379716,Entire home/apt,59,1,10,2025-11-02,2.65,2,344,10,
1453493003584640545,Spacious 2-Bed Queen|Free Parking,696324825,Martin,,ELEVENTH WARD,42.67878121331852,-73.78212919711405,Hotel room,,1,2,2025-08-10,0.57,1,0,2,
1453848711003760340,Cozy Monthly | Pvt | W/D | Pets,172658781,Jessica,,NINTH WARD,42.6561578,-73.7921126,Entire home/apt,,31,0,,,3,25,0,
1454413975547667690,Albany Cozy Home with Breakfast Next to Downtown,466790114,Zohar,,FIFTH WARD,42.67725,-73.78034,Entire home/apt,,1,7,2025-10-21,2.06,23,365,7,
1454415655361201543,Albany Cozy room W/Breakfast Close to Downtown,466790114,Zohar,,FIFTH WARD,42.67619,-73.78121,Entire home/apt,,1,2,2025-08-04,0.57,23,365,2,
1454417108090792705,Albany Modern Room W/Breakfast Next to Downtown,466790114,Zohar,,FIFTH WARD,42.67639,-73.78086,Entire home/apt,34,1,9,2025-10-23,2.39,23,0,9,
1454418356838968327,Cozy Albany room W/Breakfast Close to Downtown,466790114,Zohar,,FIFTH WARD,42.67612,-73.78092,Entire home/apt,39,1,18,2025-10-15,4.25,23,365,18,
1455799924350084157,Charming 1 Bedroom House,37769478,Erion,,TENTH WARD,42.66355584811417,-73.7934588865277,Entire home/apt,113,2,6,2025-10-28,1.53,15,250,6,
1459126168828019962,The Dove's Nest of Albany,363028988,Roland,,FOURTEENTH WARD,42.6677,-73.80023,Entire home/apt,48,3,12,2025-11-02,3.10,1,343,12,
1459718314728545998,Historic Downtown Albany 2 Bdrm,272907816,Angela,,SECOND WARD,42.64604,-73.75419,Entire home/apt,162,2,6,2025-10-27,1.62,3,26,6,
1462505515338851900,Cozy Luxury Brownstone Stay w/ Yard & Parking,181867269,Andres,,SECOND WARD,42.64403,-73.75853,Entire home/apt,126,1,22,2025-11-02,6.35,2,342,22,
1464782804892875821,Cozy Historic 2BR ‚Ä¢ Private Deck ‚Ä¢ Garage Parking,181867269,Andres,,SECOND WARD,42.64491,-73.7594,Entire home/apt,126,1,10,2025-10-28,2.97,2,355,10,
1465797274904716360,Downtown Living Space,418250661,Stephanie,,THIRD WARD,42.65704,-73.75167,Entire home/apt,90,14,0,,,2,361,0,
1468113967156529966,Albany Cozy Room W/Breakfast Next to Downtown,466790114,Zohar,,FIFTH WARD,42.67627,-73.78226,Entire home/apt,38,1,1,2025-09-06,0.48,23,365,1,
1468116522806636814,Albany Room W/Breakfast minutes to Downtown,466790114,Zohar,,FIFTH WARD,42.67663,-73.78053,Entire home/apt,42,1,7,2025-10-05,2.16,23,365,7,
1468119019136340688,Central Albany Hotel Room Next to Downtown,466790114,Zohar,,FIFTH WARD,42.67602,-73.78066,Entire home/apt,52,1,1,2025-09-20,0.61,23,365,1,
1468802371483451790,2nd floor 2 bed close to college/hospitals,232967878,Diana,,TWELFTH WARD,42.673270710708785,-73.79141634248552,Entire home/apt,170,2,1,2025-10-19,1,21,35,1,
1470493488040078187,The Madison- Work Friendly Apt with Parking,564967431,Stephanie,,SIXTH WARD,42.65116120175577,-73.76489493995905,Entire home/apt,65,2,0,,,3,265,0,
1472122509160785254,Bright & Airy 1 BDRM Private Apt,47625981,Linda,,FOURTH WARD,42.65791,-73.74669,Entire home/apt,104,1,7,2025-10-19,2.04,17,361,7,
1473485941065182946,Slate private queen room near AMC,20536619,Emily,,TENTH WARD,42.66295,-73.78792,Private room,68,28,2,2025-09-16,0.60,13,178,2,
1473500943932986440,"Silver private queen room, central location",20536619,Emily,,TENTH WARD,42.66241617967561,-73.78837960927946,Private room,75,28,0,,,13,88,0,
1473509751949424528,"Ivory private queen, walk to AMC",20536619,Emily,,TENTH WARD,42.66325814454161,-73.78982669559142,Private room,81,7,0,,,13,88,0,
1476084665532782592,Sienna private queen near AMC,20536619,Emily,,TENTH WARD,42.66232293480178,-73.78771391087372,Private room,57,14,1,2025-08-11,0.34,13,88,1,
1476780998285613744,Downtown Luxe- Steps to MVP Arena & NYS Capital,710552538,Jonathan,,THIRD WARD,42.6498098,-73.75325649999999,Entire home/apt,72,2,6,2025-10-19,2.22,1,180,6,
1477111453930200793,Ontario's Luxe House,10279606,Noriyuki,,NINTH WARD,42.65547,-73.78949,Entire home/apt,194,1,19,2025-10-29,7.92,4,336,19,
1477115953609986339,Global Entry Unit # 2 (3rd Floor Walk-up),130497392,Dale,,SIXTH WARD,42.65787363814481,-73.76544767506958,Entire home/apt,135,3,0,,,2,365,0,
1477468172276783780,"Spacious 4br home near hospitals, schools",20536619,Emily,,TENTH WARD,42.66344,-73.78752,Entire home/apt,218,28,0,,,13,178,0,
1479696659954496070,Central Albany Retreat | Walk Everywhere + Parking,19648678,Terra,,SIXTH WARD,42.6523779,-73.7671603,Entire home/apt,86,1,6,2025-10-29,2.69,5,317,6,
1481862654824444067,Elegant Albany room with Breakfast Next Downtown,466790114,Zohar,,ELEVENTH WARD,42.67808,-73.78208,Entire home/apt,38,1,1,2025-10-05,0.88,23,359,1,
1481865863422349835,Albany Cozy room Next to Downtown W/Breakfast,466790114,Zohar,,FIFTH WARD,42.675801777825,-73.78036874911213,Entire home/apt,62,1,2,2025-10-19,1.43,23,360,2,
1481869272871304149,Cozy Albany Home with Breakfast Next to Downtown,466790114,Zohar,,FIFTH WARD,42.67736,-73.78108,Entire home/apt,42,1,7,2025-10-16,2.56,23,365,7,
1482199242377376639,Albany Cozy Room W/Breakfast Next to Downtown,466790114,Zohar,,ELEVENTH WARD,42.680940501431586,-73.7846106000441,Entire home/apt,39,1,5,2025-10-12,1.83,23,364,5,
1485723149961736573,Lovely Albany room with Breakfast Next to Downtown,466790114,Zohar,,ELEVENTH WARD,42.68205,-73.7846,Entire home/apt,41,1,0,,,23,365,0,
1485726503410193437,Albany Cozy room W/Breakfast minutes to Downtown,466790114,Zohar,,ELEVENTH WARD,42.68211,-73.78306,Entire home/apt,34,1,2,2025-10-06,0.82,23,365,2,
1486971933919777260,Budget Friendly 2 BDRM with Modern Amenities WILL1,65282034,Diana,,SIXTH WARD,42.65406,-73.76964,Entire home/apt,111,1,7,2025-10-15,2.59,2,360,7,
1498161268794053659,Apartment in Albany,111760206,Rachel,,SIXTH WARD,42.65334,-73.76605,Entire home/apt,68,1,10,2025-10-17,6.00,1,344,10,
1498389804589049324,"2 floor townhouse w patio & yard, luxury amenities",478816393,Lee,,THIRD WARD,42.6567,-73.75412,Entire home/apt,135,1,0,,,1,338,0,
1498913624552583326,"Elegant 1BR in Historic Center Square, Albany",188679144,Elizabeth,,SIXTH WARD,42.65479,-73.76274,Entire home/apt,75,7,0,,,10,364,0,
1503537470526077849,The Old Blue Space,426223840,Antonio,,ELEVENTH WARD,42.66452327071085,-73.77739963718653,Entire home/apt,108,1,4,2025-10-07,2.18,1,360,4,
1509560756079358837,Studio Near Downtown Albany,223245374,Gill,,ELEVENTH WARD,42.68137950691207,-73.78317359616877,Private room,,1,3,2025-11-03,2.09,6,89,3,
1510280924413149938,Cozy Teal Retreat | 1 Mile Albany Medical & VA Med,79099670,Nathan,,SEVENTH WARD,42.64166,-73.78424,Private room,79,1,2,2025-09-20,1.18,1,340,2,
1511129185939661958,The Old Yellow Space,562084689,Antonio,,THIRTEENTH WARD,42.66490908542253,-73.77879829543551,Entire home/apt,138,1,3,2025-10-13,3,3,359,3,
1511453437878117120,610) Large Studio Downtown with Pool Table,390089294,Traverse,,SIXTH WARD,42.65294,-73.76511,Entire home/apt,79,2,0,,,6,174,0,
1511463115578002586,610B) Large 1 bedroom downtown!,390089294,Traverse,,FOURTH WARD,42.67410612815129,-73.75067767016992,Entire home/apt,80,2,0,,,6,182,0,
1511475748634247539,610C) Spacious Downtown 1BR Cozy Apartment!,390089294,Traverse,,SIXTH WARD,42.65562,-73.76445,Entire home/apt,102,2,0,,,6,182,0,
1511560319275262460,610D) Spacious Studio | Downtown,390089294,Traverse,,SIXTH WARD,42.65426,-73.76308,Entire home/apt,69,2,0,,,6,178,0,
1511573692636646423,610E) Very Comfortable Studio Downtown,390089294,Traverse,,SIXTH WARD,42.65228,-73.76491,Entire home/apt,65,2,0,,,6,180,0,
1511582525879389671,610F) Downtown Cozy Studio - Comfy & Clean!,390089294,Traverse,,SIXTH WARD,42.65303,-73.76101,Entire home/apt,65,2,0,,,6,182,0,
1513028059149782480,Bright and Roomy 3BR Home,37769478,Erion,,SIXTH WARD,42.6525801,-73.7723427,Entire home/apt,127,1,9,2025-11-02,5.51,15,360,9,
1518144456137036167,Almost New Large Luxury Townhouse w Parking Space!,65760,Anthony,,SEVENTH WARD,42.64891594376222,-73.7637454100602,Entire home/apt,244,5,1,2025-10-04,0.86,1,350,1,
1518375730226772587,Studio Minutes Away From Downtown Albany,223245374,Gill,,ELEVENTH WARD,42.67998804983254,-73.78344029443433,Private room,47,1,1,2025-10-11,1,6,263,1,
1518378190765531585,Studio Near Downtown Albany,223245374,Gill,,ELEVENTH WARD,42.6806757349118,-73.78336369105054,Private room,47,1,3,2025-10-18,2.65,6,267,3,
1518380413547671135,Studio Minutes Away From Downtown Albany,223245374,Gill,,ELEVENTH WARD,42.68154,-73.78474,Private room,53,1,2,2025-10-19,1.76,6,264,2,
1518943235257584991,Stylish 3BR Stay Near Albany Medical Center,188679144,Elizabeth,,NINTH WARD,42.65527,-73.78585,Entire home/apt,130,1,0,,,10,328,0,
1521064839093130562,Albany Modern Room Next to Downtown with Breakfast,466790114,Zohar,,ELEVENTH WARD,42.6817,-73.78439,Entire home/apt,34,1,1,2025-10-12,1,23,355,1,
1522036487464000982,Suite One - 1 Bedroom Apartment,37769478,Erion,,SIXTH WARD,42.65393,-73.7693,Entire home/apt,101,1,0,,,15,361,0,
1523640223905336810,Historic Brick City Center Glow,706406610,Marlene,,SIXTH WARD,42.65323354077172,-73.76717951148748,Entire home/apt,83,1,0,,,1,259,0,
1526311749920806783,Charming 1920s home; Walkable neighborhood.,478607033,Meredith,,NINTH WARD,42.65539199421058,-73.79223161741,Private room,68,2,0,,,2,179,0,
1528281264652621033,ParkSide Retreat - 2 BDR with Off Street Parking,37769478,Erion,,SIXTH WARD,42.6542,-73.77128,Entire home/apt,152,1,3,2025-10-27,3,15,352,3,
1528330624684718752,Charming 2 BR home in Albany,15064470,Rebecca,,EIGHTH WARD,42.642732215973844,-73.79208773618511,Entire home/apt,69,1,6,2025-11-05,6,1,333,6,
1536247531274306165,Cozy Autumn Retreat! Close to Hospitals and Shops.,478607033,Meredith,,NINTH WARD,42.65602,-73.79093,Private room,62,2,0,,,2,301,0,
1536278546396096866,Cozy Albany room with Breakfast Next to Downtown,466790114,Zohar,,ELEVENTH WARD,42.68018,-73.78375,Entire home/apt,44,1,0,,,23,365,0,
1536284748778227579,Elegant Albany room with Breakfast Close Downtown,466790114,Zohar,,ELEVENTH WARD,42.68006,-73.78465,Entire home/apt,42,1,0,,,23,361,0,
1537317274129063828,"2 bedrooms, 1 bathroom [HUGE] Furnished apartment",455342215,Allah,,FIRST WARD,42.63622,-73.76152,Entire home/apt,79,1,0,,,1,358,0,
1539257231318688412,"Private garden, patio, fire pit, grill. MVP arena",476189412,Timothy,,SECOND WARD,42.64727770491022,-73.75909371278735,Entire home/apt,200,30,0,,,3,281,0,
1539837082076857746,Budget Friendly 5 BEDS with Modern Amenities WILL2,65282034,Diana,,SIXTH WARD,42.65241,-73.76914,Entire home/apt,125,2,0,,,2,364,0,
1542466037342415699,Luxury Garden-Level Escape in Center Square Albany,38842563,Regine,,SIXTH WARD,42.6546199,-73.76393139999999,Entire home/apt,137,3,0,,,1,363,0,
1543563506149572271,'The Morris Home' Private Bedroom 4 / 2 Full Bath,349460842,Scott,,TENTH WARD,42.6618257,-73.7869405,Private room,40,28,0,,,18,365,0,
1545062541918523193,Studio Near Downtown Albany,223245374,Gill,,ELEVENTH WARD,42.68061,-73.78493,Private room,53,1,0,,,6,364,0,
1545065906004769918,Modern Studio Minutes From Downtown Albany,223245374,Gill,,ELEVENTH WARD,42.680101328479545,-73.78354980941869,Private room,53,1,0,,,6,265,0,
